score,class,pred
0.1880020797252655,0,1
0.1777949035167694,0,1
0.20929399132728577,0,1
0.20918910205364227,0,1
0.18046411871910095,0,1
0.19504643976688385,0,1
0.17253141105175018,0,1
0.13317598402500153,0,1
0.20075082778930664,0,1
0.21832060813903809,0,1
0.19727665185928345,0,1
0.10619796067476273,0,1
0.15581703186035156,0,1
0.141988143324852,0,1
0.17958314716815948,0,1
0.15572716295719147,0,1
0.19584183394908905,0,1
0.1691896766424179,0,1
0.14686277508735657,0,1
0.1620475947856903,0,1
0.1640574336051941,0,1
0.14751611649990082,0,1
0.16292591392993927,0,1
0.15239985287189484,0,1
0.1452006995677948,0,1
0.14999912679195404,0,1
0.17632097005844116,0,1
0.18726912140846252,0,1
0.16189885139465332,0,1
0.17786744236946106,0,1
0.11144092679023743,0,1
0.1467951536178589,0,1
0.14839693903923035,0,1
0.1610233634710312,0,1
0.0723462849855423,0,1
0.18845286965370178,0,1
0.16800779104232788,0,1
0.1672327071428299,0,1
0.1845906674861908,0,1
0.20653973519802094,0,1
0.17747952044010162,0,1
0.1493864506483078,0,1
0.1397847831249237,0,1
0.12898187339305878,0,1
0.18909801542758942,0,1
0.18343189358711243,0,1
0.15742167830467224,0,1
0.06813061982393265,0,1
0.20508602261543274,0,1
0.15049001574516296,0,1
0.12458088994026184,0,1
0.1621932089328766,0,1
0.16088758409023285,0,1
0.18935838341712952,0,1
0.1624353528022766,0,1
0.16113460063934326,0,1
0.13920418918132782,0,1
0.14093032479286194,0,1
0.20069169998168945,0,1
0.09348086267709732,0,1
0.17409010231494904,0,1
0.19318102300167084,0,1
0.1777399182319641,0,1
0.15918496251106262,0,1
0.1915879100561142,0,1
0.15829980373382568,0,1
0.2600056827068329,0,1
0.1568523794412613,0,1
0.11254651844501495,0,1
0.13102883100509644,0,1
0.15605223178863525,0,1
0.1582842618227005,0,1
0.17460742592811584,0,1
0.16893425583839417,0,1
0.1806676834821701,0,1
0.17061354219913483,0,1
0.17404596507549286,0,1
0.18831728398799896,0,1
0.1329318881034851,0,1
0.15715910494327545,0,1
0.1536475569009781,0,1
0.15471932291984558,0,1
0.19465871155261993,0,1
0.07260631024837494,0,1
0.13311155140399933,0,1
0.11297880858182907,0,1
0.13584107160568237,0,1
0.16426977515220642,0,1
0.15638898313045502,0,1
0.17279525101184845,0,1
0.15290510654449463,0,1
0.19996137917041779,0,1
0.17495164275169373,0,1
0.18351273238658905,0,1
0.18520355224609375,0,1
0.15802282094955444,0,1
0.1778741180896759,0,1
0.16624504327774048,0,1
0.13820740580558777,0,1
0.16902773082256317,0,1
0.16429577767848969,0,1
0.16580231487751007,0,1
0.19517914950847626,0,1
0.17591062188148499,0,1
0.1745997965335846,0,1
0.153263658285141,0,1
0.18725836277008057,0,1
0.169748917222023,0,1
0.184035062789917,0,1
0.20611931383609772,0,1
0.17780187726020813,0,1
0.1443498581647873,0,1
0.1957143396139145,0,1
0.2753792703151703,0,1
0.18323691189289093,0,1
0.13552673161029816,0,1
0.1923282891511917,0,1
0.16922593116760254,0,1
0.20564433932304382,0,1
0.11158652603626251,0,1
0.14642317593097687,0,1
0.1425853669643402,0,1
0.12950342893600464,0,1
0.16572223603725433,0,1
0.13578489422798157,0,1
0.1802145391702652,0,1
0.17746728658676147,0,1
0.18442164361476898,0,1
0.1219615563750267,0,1
0.17223873734474182,0,1
0.14157448709011078,0,1
0.14615602791309357,0,1
0.1604968011379242,0,1
0.16344276070594788,0,1
0.16249893605709076,0,1
0.21704642474651337,0,1
0.13932067155838013,0,1
0.1721482276916504,0,1
0.24315617978572845,0,1
0.18380948901176453,0,1
0.1892467588186264,0,1
0.17293702065944672,0,1
0.16597236692905426,0,1
0.1754416525363922,0,1
0.12214052677154541,0,1
0.2043886035680771,0,1
0.1334265172481537,0,1
0.16373449563980103,0,1
0.1528603434562683,0,1
0.21055737137794495,0,1
0.14583422243595123,0,1
0.1027812510728836,0,1
0.16163362562656403,0,1
0.13633431494235992,0,1
0.18076062202453613,0,1
0.13053198158740997,0,1
0.17867997288703918,0,1
0.16028882563114166,0,1
0.16512563824653625,0,1
0.18605780601501465,0,1
0.16151468455791473,0,1
0.19243085384368896,0,1
0.11888395249843597,0,1
0.12834952771663666,0,1
0.19050511717796326,0,1
0.1732363998889923,0,1
0.15388871729373932,0,1
0.07643428444862366,0,1
0.184544637799263,0,1
0.18955157697200775,0,1
0.13600966334342957,0,1
0.12491658329963684,0,1
0.17351248860359192,0,1
0.17620664834976196,0,1
0.1964804232120514,0,1
0.17910045385360718,0,1
0.15453073382377625,0,1
0.1782037317752838,0,1
0.1866656094789505,0,1
0.1813584268093109,0,1
0.1275159865617752,0,1
0.17030495405197144,0,1
0.1336670070886612,0,1
0.13409334421157837,0,1
0.1978747397661209,0,1
0.15750490128993988,0,1
0.15638254582881927,0,1
0.1631089150905609,0,1
0.17175768315792084,0,1
0.17584094405174255,0,1
0.16030731797218323,0,1
0.147276371717453,0,1
0.11153224855661392,0,1
0.20677466690540314,0,1
0.16750860214233398,0,1
0.17739515006542206,0,1
0.1533685028553009,0,1
0.1537870317697525,0,1
0.12343554943799973,0,1
0.13941866159439087,0,1
0.16381697356700897,0,1
0.19276045262813568,0,1
0.15341876447200775,0,1
0.2314550131559372,0,1
0.07967640459537506,0,1
0.13765211403369904,0,1
0.1636492758989334,0,1
0.15929582715034485,0,1
0.13048455119132996,0,1
0.18784672021865845,0,1
0.17030851542949677,0,1
0.14961716532707214,0,1
0.1405607908964157,0,1
0.11856794357299805,0,1
0.1581132560968399,0,1
0.17276769876480103,0,1
0.22011101245880127,0,1
0.1805209219455719,0,1
0.16466084122657776,0,1
0.0938185453414917,0,1
0.1540008783340454,0,1
0.213444784283638,0,1
0.2062595635652542,0,1
0.18242809176445007,0,1
0.14550666511058807,0,1
0.1424282044172287,0,1
0.1706065684556961,0,1
0.16231630742549896,0,1
0.20507608354091644,0,1
0.12832529842853546,0,1
0.1667948216199875,0,1
0.2122960388660431,0,1
0.153133824467659,0,1
0.1664421260356903,0,1
0.14683891832828522,0,1
0.16581852734088898,0,1
0.21396665275096893,0,1
0.16588810086250305,0,1
0.14064259827136993,0,1
0.1497107595205307,0,1
0.19936884939670563,0,1
0.15308861434459686,0,1
0.1722709685564041,0,1
0.17315895855426788,0,1
0.20640909671783447,0,1
0.1574927568435669,0,1
0.15259328484535217,0,1
0.1431112289428711,0,1
0.1554233431816101,0,1
0.15609583258628845,0,1
0.16174699366092682,0,1
0.14001624286174774,0,1
0.23164358735084534,0,1
0.15330582857131958,0,1
0.17362704873085022,0,1
0.15881231427192688,0,1
0.16789402067661285,0,1
0.15215183794498444,0,1
0.1704012155532837,0,1
0.15710586309432983,0,1
0.10547361522912979,0,1
0.2039702832698822,0,1
0.1894066333770752,0,1
0.13466574251651764,0,1
0.13754427433013916,0,1
0.29559633135795593,0,1
0.1717575192451477,0,1
0.048858385533094406,0,1
0.11416345089673996,0,1
0.20451383292675018,0,1
0.20347270369529724,0,1
0.14406320452690125,0,1
0.21006818115711212,0,1
0.19791293144226074,0,1
0.19234097003936768,0,1
0.19783633947372437,0,1
0.14569786190986633,0,1
0.0701691284775734,0,1
0.17219671607017517,0,1
0.17760972678661346,0,1
0.1509554535150528,0,1
0.19358329474925995,0,1
0.15180115401744843,0,1
0.1831320822238922,0,1
0.16819564998149872,0,1
0.16115666925907135,0,1
0.17947208881378174,0,1
0.18264462053775787,0,1
0.15037524700164795,0,1
0.14390425384044647,0,1
0.17016497254371643,0,1
0.18563981354236603,0,1
0.20527619123458862,0,1
0.11949789524078369,0,1
0.12920242547988892,0,1
0.12827570736408234,0,1
0.18203137814998627,0,1
0.07917003333568573,0,1
0.1532018631696701,0,1
0.17732901871204376,0,1
0.16495239734649658,0,1
0.15361298620700836,0,1
0.14355257153511047,0,1
0.15334345400333405,0,1
0.18598423898220062,0,1
0.1418297290802002,0,1
0.21799583733081818,0,1
0.18743665516376495,0,1
0.12741006910800934,0,1
0.11736637353897095,0,1
0.15039394795894623,0,1
0.18967445194721222,0,1
0.15745577216148376,0,1
0.14244335889816284,0,1
0.18377003073692322,0,1
0.17823654413223267,0,1
0.15474100410938263,0,1
0.15852801501750946,0,1
0.12060752511024475,0,1
0.27960485219955444,0,1
0.14114947617053986,0,1
0.22923509776592255,0,1
0.21919307112693787,0,1
0.19933030009269714,0,1
0.14951758086681366,0,1
0.17387837171554565,0,1
0.10750608146190643,0,1
0.1211995854973793,0,1
0.16986346244812012,0,1
0.20060396194458008,0,1
0.18200889229774475,0,1
0.06955242156982422,0,1
0.1703486293554306,0,1
0.22468799352645874,0,1
0.15900418162345886,0,1
0.17461693286895752,0,1
0.1817595511674881,0,1
0.16237467527389526,0,1
0.13736748695373535,0,1
0.17694103717803955,0,1
0.20959368348121643,0,1
0.1498635709285736,0,1
0.14453305304050446,0,1
0.1622939258813858,0,1
0.16215436160564423,0,1
0.16780820488929749,0,1
0.17248715460300446,0,1
0.16327114403247833,0,1
0.15079621970653534,0,1
0.18156835436820984,0,1
0.17600932717323303,0,1
0.1781698614358902,0,1
0.1565861999988556,0,1
0.1952570676803589,0,1
0.17922477424144745,0,1
0.2115067094564438,0,1
0.19106997549533844,0,1
0.16892969608306885,0,1
0.190386563539505,0,1
0.20962299406528473,0,1
0.18304865062236786,0,1
0.18182231485843658,0,1
0.18954907357692719,0,1
0.14440928399562836,0,1
0.15918408334255219,0,1
0.150414377450943,0,1
0.2379918098449707,0,1
0.1358085721731186,0,1
0.15365397930145264,0,1
0.2016495168209076,0,1
0.21168725192546844,0,1
0.13232190907001495,0,1
0.1798069030046463,0,1
0.19364772737026215,0,1
0.20512785017490387,0,1
0.17487919330596924,0,1
0.1751590371131897,0,1
0.16289281845092773,0,1
0.20442140102386475,0,1
0.1187703013420105,0,1
0.15937575697898865,0,1
0.14037783443927765,0,1
0.15440846979618073,0,1
0.1604456603527069,0,1
0.186885803937912,0,1
0.1861705482006073,0,1
0.24479196965694427,0,1
0.12836940586566925,0,1
0.1590951681137085,0,1
0.1406572461128235,0,1
0.17877934873104095,0,1
0.15305134654045105,0,1
0.16844165325164795,0,1
0.11699710041284561,0,1
0.1559462547302246,0,1
0.19012236595153809,0,1
0.18406334519386292,0,1
0.24716788530349731,0,1
0.16793932020664215,0,1
0.18561647832393646,0,1
0.189938023686409,0,1
0.20570673048496246,0,1
0.2201230525970459,0,1
0.29479584097862244,0,1
0.19565293192863464,0,1
0.18365050852298737,0,1
0.10425549745559692,0,1
0.18464334309101105,0,1
0.1604149490594864,0,1
0.18072940409183502,0,1
0.17872817814350128,0,1
0.0929616242647171,0,1
0.1756380945444107,0,1
0.17416471242904663,0,1
0.17702995240688324,0,1
0.17053407430648804,0,1
0.08782069385051727,0,1
0.1855030506849289,0,1
0.17587319016456604,0,1
0.11754653602838516,0,1
0.10546546429395676,0,1
0.1736835241317749,0,1
0.19606368243694305,0,1
0.1780119240283966,0,1
0.04499286040663719,0,1
0.2067185789346695,0,1
0.20827637612819672,0,1
0.13325579464435577,0,1
0.15110909938812256,0,1
0.2220359593629837,0,1
0.15227364003658295,0,1
0.23330236971378326,0,1
0.16171571612358093,0,1
0.19696754217147827,0,1
0.14995653927326202,0,1
0.1659076064825058,0,1
0.15326817333698273,0,1
0.17274802923202515,0,1
0.16022968292236328,0,1
0.14600688219070435,0,1
0.16311927139759064,0,1
0.2117406129837036,0,1
0.15637312829494476,0,1
0.18190351128578186,0,1
0.15164053440093994,0,1
0.17852169275283813,0,1
0.1739111691713333,0,1
0.14699751138687134,0,1
0.1293884664773941,0,1
0.19937089085578918,0,1
0.1533864140510559,0,1
0.21519292891025543,0,1
0.20543386042118073,0,1
0.1349286437034607,0,1
0.15409564971923828,0,1
0.2308313250541687,0,1
0.19090738892555237,0,1
0.13908661901950836,0,1
0.14503663778305054,0,1
0.16374287009239197,0,1
0.21921348571777344,0,1
0.22297443449497223,0,1
0.17565633356571198,0,1
0.19085296988487244,0,1
0.06275258213281631,0,1
0.1646258682012558,0,1
0.12983326613903046,0,1
0.19378647208213806,0,1
0.19621220231056213,0,1
0.18223558366298676,0,1
0.14307060837745667,0,1
0.16895180940628052,0,1
0.1671658307313919,0,1
0.1536872535943985,0,1
0.24917374551296234,0,1
0.14624379575252533,0,1
0.2123398780822754,0,1
0.1982087939977646,0,1
0.21811941266059875,0,1
0.17326265573501587,0,1
0.07562882453203201,0,1
0.13148561120033264,0,1
0.20077183842658997,0,1
0.16064898669719696,0,1
0.17715883255004883,0,1
0.15383629500865936,0,1
0.07857967913150787,0,1
0.18323713541030884,0,1
0.15145480632781982,0,1
0.16772837936878204,0,1
0.1716179996728897,0,1
0.15790514647960663,0,1
0.17144428193569183,0,1
0.15134021639823914,0,1
0.2206815779209137,0,1
0.15822166204452515,0,1
0.11713346838951111,0,1
0.15903528034687042,0,1
0.13968312740325928,0,1
0.1405305415391922,0,1
0.13108816742897034,0,1
0.14443443715572357,0,1
0.1793222278356552,0,1
0.17001976072788239,0,1
0.19614267349243164,0,1
0.1801784634590149,0,1
0.08182420581579208,0,1
0.1433025747537613,0,1
0.15153880417346954,0,1
0.15223106741905212,0,1
0.147506445646286,0,1
0.16004300117492676,0,1
0.17773734033107758,0,1
0.17357629537582397,0,1
0.16076728701591492,0,1
0.15997742116451263,0,1
0.1455232799053192,0,1
0.17496170103549957,0,1
0.04368537291884422,0,1
0.15329676866531372,0,1
0.19618403911590576,0,1
0.16434352099895477,0,1
0.14666417241096497,0,1
0.18715085089206696,0,1
0.24051447212696075,0,1
0.09743943065404892,0,1
0.14397220313549042,0,1
0.27521347999572754,0,1
0.17457085847854614,0,1
0.1546521931886673,0,1
0.18297705054283142,0,1
0.17888933420181274,0,1
0.17197901010513306,0,1
0.1797652244567871,0,1
0.19147859513759613,0,1
0.16052767634391785,0,1
0.07418397068977356,0,1
0.18188482522964478,0,1
0.16361278295516968,0,1
0.17562401294708252,0,1
0.14977853000164032,0,1
0.2024545818567276,0,1
0.14102786779403687,0,1
0.06282330304384232,0,1
0.23694628477096558,0,1
0.14102408289909363,0,1
0.17470712959766388,0,1
0.1617896407842636,0,1
0.22712118923664093,0,1
0.17336374521255493,0,1
0.20163844525814056,0,1
0.15839798748493195,0,1
0.18057067692279816,0,1
0.17927230894565582,0,1
0.2209947258234024,0,1
0.16117030382156372,0,1
0.18341967463493347,0,1
0.22153685986995697,0,1
0.15310615301132202,0,1
0.14087504148483276,0,1
0.15468576550483704,0,1
0.13181398808956146,0,1
0.14166681468486786,0,1
0.1485704481601715,0,1
0.18518774211406708,0,1
0.18650078773498535,0,1
0.16691021621227264,0,1
0.22847697138786316,0,1
0.1516062468290329,0,1
0.200813427567482,0,1
0.16806161403656006,0,1
0.18169549107551575,0,1
0.1466829478740692,0,1
0.16364572942256927,0,1
0.16627855598926544,0,1
0.13401459157466888,0,1
0.16630038619041443,0,1
0.13519594073295593,0,1
0.14978544414043427,0,1
0.15652009844779968,0,1
0.16679255664348602,0,1
0.2714645266532898,0,1
0.19812190532684326,0,1
0.17741568386554718,0,1
0.2085437923669815,0,1
0.11939651519060135,0,1
0.18220169842243195,0,1
0.1469852179288864,0,1
0.16455504298210144,0,1
0.19141080975532532,0,1
0.15667907893657684,0,1
0.1862000972032547,0,1
0.19599245488643646,0,1
0.2134345918893814,0,1
0.11143164336681366,0,1
0.16496744751930237,0,1
0.11767524480819702,0,1
0.15274406969547272,0,1
0.18678149580955505,0,1
0.2047717422246933,0,1
0.21697048842906952,0,1
0.13893800973892212,0,1
0.1647094488143921,0,1
0.2205602079629898,0,1
0.14727632701396942,0,1
0.16181164979934692,0,1
0.1683734655380249,0,1
0.1881592720746994,0,1
0.17912881076335907,0,1
0.1512901932001114,0,1
0.17681147158145905,0,1
0.20762354135513306,0,1
0.18263675272464752,0,1
0.17428839206695557,0,1
0.2096947580575943,0,1
0.17398370802402496,0,1
0.1373203843832016,0,1
0.1800685077905655,0,1
0.20421066880226135,0,1
0.10954275727272034,0,1
0.21043749153614044,0,1
0.08048680424690247,0,1
0.132432222366333,0,1
0.1633410006761551,0,1
0.12840838730335236,0,1
0.17866367101669312,0,1
0.15018823742866516,0,1
0.17332994937896729,0,1
0.1923549920320511,0,1
0.21286824345588684,0,1
0.2026292085647583,0,1
0.18781985342502594,0,1
0.24658676981925964,0,1
0.14808203279972076,0,1
0.14553795754909515,0,1
0.15979307889938354,0,1
0.1935688853263855,0,1
0.1719750463962555,0,1
0.17385277152061462,0,1
0.1505664438009262,0,1
0.15442681312561035,0,1
0.1618250161409378,0,1
0.17136666178703308,0,1
0.057410139590501785,0,1
0.1417623907327652,0,1
0.20285919308662415,0,1
0.13956235349178314,0,1
0.20342104136943817,0,1
0.11634337157011032,0,1
0.11627823859453201,0,1
0.14728505909442902,0,1
0.1618424654006958,0,1
0.18141113221645355,0,1
0.19650119543075562,0,1
0.17263373732566833,0,1
0.1738322675228119,0,1
0.20122851431369781,0,1
0.16174232959747314,0,1
0.0640743225812912,0,1
0.18052411079406738,0,1
0.21584981679916382,0,1
0.13802087306976318,0,1
0.19983966648578644,0,1
0.2560337483882904,0,1
0.22992336750030518,0,1
0.20503374934196472,0,1
0.2084171026945114,0,1
0.167365163564682,0,1
0.18513663113117218,0,1
0.17797911167144775,0,1
0.059912145137786865,0,1
0.23842741549015045,0,1
0.2531641721725464,0,1
0.18065211176872253,0,1
0.1569165289402008,0,1
0.1592995971441269,0,1
0.19176246225833893,0,1
0.2006697803735733,0,1
0.1551773101091385,0,1
0.09382420778274536,0,1
0.1490952968597412,0,1
0.23502032458782196,0,1
0.1908339411020279,0,1
0.18485596776008606,0,1
0.055567666888237,0,1
0.14776736497879028,0,1
0.16441398859024048,0,1
0.14798659086227417,0,1
0.19701632857322693,0,1
0.1776086539030075,0,1
0.16342508792877197,0,1
0.16891516745090485,0,1
0.12270768731832504,0,1
0.19897498190402985,0,1
0.17338484525680542,0,1
0.16271337866783142,0,1
0.19060277938842773,0,1
0.09670769423246384,0,1
0.17739738523960114,0,1
0.26125794649124146,0,1
0.05824640020728111,0,1
0.1910887211561203,0,1
0.19517938792705536,0,1
0.18662358820438385,0,1
0.15972843766212463,0,1
0.18245571851730347,0,1
0.21425746381282806,0,1
0.1444322019815445,0,1
0.1407790333032608,0,1
0.196675106883049,0,1
0.21541662514209747,0,1
0.180671826004982,0,1
0.15086130797863007,0,1
0.1885184347629547,0,1
0.1606377512216568,0,1
0.1319376677274704,0,1
0.1300094723701477,0,1
0.1232115849852562,0,1
0.1713910698890686,0,1
0.1469641625881195,0,1
0.15320628881454468,0,1
0.19827085733413696,0,1
0.1433434933423996,0,1
0.10779064148664474,0,1
0.13754193484783173,0,1
0.21523362398147583,0,1
0.21432922780513763,0,1
0.12628386914730072,0,1
0.19901250302791595,0,1
0.08545364439487457,0,1
0.15470339357852936,0,1
0.20756876468658447,0,1
0.18153522908687592,0,1
0.1747157722711563,0,1
0.22524408996105194,0,1
0.15720102190971375,0,1
0.20782333612442017,0,1
0.17254143953323364,0,1
0.09184321761131287,0,1
0.20474018156528473,0,1
0.163947194814682,0,1
0.22603844106197357,0,1
0.18229396641254425,0,1
0.1849249005317688,0,1
0.1675744503736496,0,1
0.1674492210149765,0,1
0.1907023936510086,0,1
0.22213785350322723,0,1
0.17186380922794342,0,1
0.143140509724617,0,1
0.20057159662246704,0,1
0.1864127665758133,0,1
0.13843479752540588,0,1
0.17852337658405304,0,1
0.21037399768829346,0,1
0.19648092985153198,0,1
0.033653613179922104,0,1
0.15685328841209412,0,1
0.18159979581832886,0,1
0.18904583156108856,0,1
0.21972130239009857,0,1
0.1471245288848877,0,1
0.15768197178840637,0,1
0.15252207219600677,0,1
0.17273348569869995,0,1
0.1577049195766449,0,1
0.18389806151390076,0,1
0.1514643281698227,0,1
0.22213920950889587,0,1
0.1540977954864502,0,1
0.20824718475341797,0,1
0.1530199646949768,0,1
0.23107993602752686,0,1
0.08116915076971054,0,1
0.15918248891830444,0,1
0.16892632842063904,0,1
0.2080165445804596,0,1
0.1857566386461258,0,1
0.15295332670211792,0,1
0.22177140414714813,0,1
0.17129342257976532,0,1
0.1775195598602295,0,1
0.15118932723999023,0,1
0.25313302874565125,0,1
0.1644345372915268,0,1
0.15653096139431,0,1
0.14033488929271698,0,1
0.16709327697753906,0,1
0.18498699367046356,0,1
0.2196182906627655,0,1
0.13378173112869263,0,1
0.11505401134490967,0,1
0.13713210821151733,0,1
0.15008573234081268,0,1
0.17117127776145935,0,1
0.16171666979789734,0,1
0.1827765256166458,0,1
0.13775552809238434,0,1
0.17426836490631104,0,1
0.13025182485580444,0,1
0.19691893458366394,0,1
0.17203211784362793,0,1
0.10155351459980011,0,1
0.1488185077905655,0,1
0.18555043637752533,0,1
0.1687203347682953,0,1
0.18796086311340332,0,1
0.24299933016300201,0,1
0.13221950829029083,0,1
0.1856077015399933,0,1
0.19969381392002106,0,1
0.17589548230171204,0,1
0.17861518263816833,0,1
0.1996564120054245,0,1
0.16801777482032776,0,1
0.14469894766807556,0,1
0.1920291930437088,0,1
0.13907809555530548,0,1
0.18961215019226074,0,1
0.21601900458335876,0,1
0.21587207913398743,0,1
0.11230497062206268,0,1
0.2172757387161255,0,1
0.1622723937034607,0,1
0.1995111107826233,0,1
0.17408518493175507,0,1
0.1861039698123932,0,1
0.1613827347755432,0,1
0.15662486851215363,0,1
0.17246423661708832,0,1
0.15814439952373505,0,1
0.18778038024902344,0,1
0.20385314524173737,0,1
0.15226690471172333,0,1
0.1558091938495636,0,1
0.13836748898029327,0,1
0.14376582205295563,0,1
0.18204444646835327,0,1
0.14489945769309998,0,1
0.17565757036209106,0,1
0.17683471739292145,0,1
0.14664804935455322,0,1
0.16352401673793793,0,1
0.16989536583423615,0,1
0.14892525970935822,0,1
0.15972204506397247,0,1
0.16855104267597198,0,1
0.16770318150520325,0,1
0.17366032302379608,0,1
0.20888063311576843,0,1
0.17607875168323517,0,1
0.16064725816249847,0,1
0.1897239238023758,0,1
0.14308372139930725,0,1
0.13960839807987213,0,1
0.13603122532367706,0,1
0.16774223744869232,0,1
0.2091292440891266,0,1
0.19275584816932678,0,1
0.1896776258945465,0,1
0.2513502240180969,0,1
0.18344540894031525,0,1
0.17767895758152008,0,1
0.08879557251930237,0,1
0.16121312975883484,0,1
0.17428472638130188,0,1
0.1976068913936615,0,1
0.13743096590042114,0,1
0.20503151416778564,0,1
0.18317411839962006,0,1
0.16580137610435486,0,1
0.12831105291843414,0,1
0.14850889146327972,0,1
0.22884070873260498,0,1
0.09116121381521225,0,1
0.22277627885341644,0,1
0.07808122783899307,0,1
0.14346028864383698,0,1
0.10424178838729858,0,1
0.21997109055519104,0,1
0.18976691365242004,0,1
0.14802901446819305,0,1
0.1725597381591797,0,1
0.2486334890127182,0,1
0.1664939522743225,0,1
0.14241456985473633,0,1
0.1999838948249817,0,1
0.1434159278869629,0,1
0.2210027575492859,0,1
0.17832481861114502,0,1
0.16633369028568268,0,1
0.20295968651771545,0,1
0.18513432145118713,0,1
0.18297454714775085,0,1
0.17598667740821838,0,1
0.1578245460987091,0,1
0.16906419396400452,0,1
0.1416459083557129,0,1
0.22125111520290375,0,1
0.20019787549972534,0,1
0.15666723251342773,0,1
0.19011659920215607,0,1
0.16629360616207123,0,1
0.18902434408664703,0,1
0.15059731900691986,0,1
0.15542715787887573,0,1
0.2084638774394989,0,1
0.10701911896467209,0,1
0.21190500259399414,0,1
0.16523392498493195,0,1
0.13922807574272156,0,1
0.1561703383922577,0,1
0.21135857701301575,0,1
0.21471749246120453,0,1
0.15207141637802124,0,1
0.1794338822364807,0,1
0.20538225769996643,0,1
0.19374898076057434,0,1
0.19441570341587067,0,1
0.1938164383172989,0,1
0.1419411152601242,0,1
0.06002224609255791,0,1
0.16385206580162048,0,1
0.15070697665214539,0,1
0.17691317200660706,0,1
0.14200596511363983,0,1
0.17599846422672272,0,1
0.20989713072776794,0,1
0.12003885209560394,0,1
0.207083597779274,0,1
0.1808863878250122,0,1
0.20443040132522583,0,1
0.13609954714775085,0,1
0.13510507345199585,0,1
0.1484575867652893,0,1
0.22973254323005676,0,1
0.19596292078495026,0,1
0.17125113308429718,0,1
0.20611894130706787,0,1
0.18381844460964203,0,1
0.15476910769939423,0,1
0.10396880656480789,0,1
0.15156228840351105,0,1
0.10772247612476349,0,1
0.2031438648700714,0,1
0.14013807475566864,0,1
0.1698312610387802,0,1
0.15860918164253235,0,1
0.1928115040063858,0,1
0.1758485585451126,0,1
0.15582343935966492,0,1
0.1666307896375656,0,1
0.18274198472499847,0,1
0.16879360377788544,0,1
0.1630810648202896,0,1
0.16065993905067444,0,1
0.1625947207212448,0,1
0.3694188594818115,0,1
0.16294117271900177,0,1
0.21326442062854767,0,1
0.18551519513130188,0,1
0.17169013619422913,0,1
0.19800445437431335,0,1
0.17194864153862,0,1
0.11635322868824005,0,1
0.18886113166809082,0,1
0.17551863193511963,0,1
0.1624288558959961,0,1
0.16660436987876892,0,1
0.16688761115074158,0,1
0.16779686510562897,0,1
0.17816482484340668,0,1
0.17514850199222565,0,1
0.13615956902503967,0,1
0.14510051906108856,0,1
0.2287680208683014,0,1
0.16353923082351685,0,1
0.13295511901378632,0,1
0.22006286680698395,0,1
0.18405042588710785,0,1
0.19197234511375427,0,1
0.1450311690568924,0,1
0.19632354378700256,0,1
0.16717974841594696,0,1
0.12629114091396332,0,1
0.18906858563423157,0,1
0.10887786000967026,0,1
0.1411772221326828,0,1
0.14447937905788422,0,1
0.208474799990654,0,1
0.15867704153060913,0,1
0.1269034743309021,0,1
0.15131855010986328,0,1
0.18026508390903473,0,1
0.16385072469711304,0,1
0.24606876075267792,0,1
0.1810336858034134,0,1
0.17978504300117493,0,1
0.15626992285251617,0,1
0.1847122311592102,0,1
0.1494676023721695,1,1
0.17465129494667053,1,1
0.15132884681224823,1,1
0.15718917548656464,1,1
0.1664804220199585,1,1
0.17437896132469177,1,1
0.16663159430027008,1,1
0.16809074580669403,1,1
0.17737644910812378,1,1
0.17988507449626923,1,1
0.1967441588640213,1,1
0.17803862690925598,1,1
0.1533810943365097,1,1
0.1726628839969635,1,1
0.18644288182258606,1,1
0.14617815613746643,1,1
0.18586190044879913,1,1
0.17123422026634216,1,1
0.12104883790016174,1,1
0.16535674035549164,1,1
0.15200157463550568,1,1
0.16714757680892944,1,1
0.1599767506122589,1,1
0.1437951773405075,1,1
0.16030320525169373,1,1
0.10946588963270187,1,1
0.15667355060577393,1,1
0.16781777143478394,1,1
0.1607336550951004,1,1
0.15662389993667603,1,1
0.06411150097846985,1,1
0.17756570875644684,1,1
0.13421092927455902,1,1
0.16481271386146545,1,1
0.17677198350429535,1,1
0.14248749613761902,1,1
0.17633125185966492,1,1
0.1665739119052887,1,1
0.15909767150878906,1,1
0.1946827620267868,1,1
0.16691181063652039,1,1
0.16767992079257965,1,1
0.13416831195354462,1,1
0.16697318851947784,1,1
0.16722066700458527,1,1
0.1498415172100067,1,1
0.17881900072097778,1,1
0.17789244651794434,1,1
0.1674969494342804,1,1
0.06468403339385986,1,1
0.1519288867712021,1,1
0.160879448056221,1,1
0.1446232944726944,1,1
0.16796113550662994,1,1
0.14029715955257416,1,1
0.17308510839939117,1,1
0.14327867329120636,1,1
0.15186356008052826,1,1
0.1915273666381836,1,1
0.17159907519817352,1,1
0.17086142301559448,1,1
0.17420946061611176,1,1
0.12531308829784393,1,1
0.15517061948776245,1,1
0.14755971729755402,1,1
0.155897319316864,1,1
0.1619858592748642,1,1
0.1654578149318695,1,1
0.1473621129989624,1,1
0.18166758120059967,1,1
0.12040258198976517,1,1
0.1478995829820633,1,1
0.16820716857910156,1,1
0.13958755135536194,1,1
0.17439904808998108,1,1
0.15636414289474487,1,1
0.17875084280967712,1,1
0.17780835926532745,1,1
0.14695072174072266,1,1
0.12407374382019043,1,1
0.15144260227680206,1,1
0.15733271837234497,1,1
0.18514183163642883,1,1
0.1556883007287979,1,1
0.18487130105495453,1,1
0.1519932597875595,1,1
0.13453611731529236,1,1
0.1506786346435547,1,1
0.15053921937942505,1,1
0.1795530915260315,1,1
0.10371293127536774,1,1
0.17276403307914734,1,1
0.1800888627767563,1,1
0.144952654838562,1,1
0.21227586269378662,1,1
0.1796279102563858,1,1
0.14099204540252686,1,1
0.16761097311973572,1,1
0.14009582996368408,1,1
0.14800168573856354,1,1
0.14139974117279053,1,1
0.1635471135377884,1,1
0.12060441076755524,1,1
0.1666860729455948,1,1
0.17627105116844177,1,1
0.17038314044475555,1,1
0.14237283170223236,1,1
0.17442817986011505,1,1
0.04310449957847595,1,1
0.179971843957901,1,1
0.1583157479763031,1,1
0.15874086320400238,1,1
0.15563659369945526,1,1
0.16400419175624847,1,1
0.1365918070077896,1,1
0.1497037261724472,1,1
0.16808727383613586,1,1
0.170912966132164,1,1
0.1852262020111084,1,1
0.08316603302955627,1,1
0.17512641847133636,1,1
0.12950190901756287,1,1
0.1635429710149765,1,1
0.16374489665031433,1,1
0.14142484962940216,1,1
0.1430155634880066,1,1
0.1503780335187912,1,1
0.162238210439682,1,1
0.19587936997413635,1,1
0.14036999642848969,1,1
0.18443797528743744,1,1
0.15989132225513458,1,1
0.1884428709745407,1,1
0.16000965237617493,1,1
0.1729407012462616,1,1
0.21203309297561646,1,1
0.16167275607585907,1,1
0.16833971440792084,1,1
0.1757890284061432,1,1
0.18176573514938354,1,1
0.1780092567205429,1,1
0.16747993230819702,1,1
0.18298998475074768,1,1
0.1837398260831833,1,1
0.1704663187265396,1,1
0.17071868479251862,1,1
0.12929117679595947,1,1
0.1763758510351181,1,1
0.1413116604089737,1,1
0.1473253071308136,1,1
0.14178769290447235,1,1
0.11671166867017746,1,1
0.14766933023929596,1,1
0.16218018531799316,1,1
0.1501789391040802,1,1
0.11970355361700058,1,1
0.16210970282554626,1,1
0.18594099581241608,1,1
0.162322536110878,1,1
0.17949683964252472,1,1
0.177581325173378,1,1
0.17242680490016937,1,1
0.1638428419828415,1,1
0.11799527704715729,1,1
0.16146771609783173,1,1
0.16896474361419678,1,1
0.15120910108089447,1,1
0.11531852185726166,1,1
0.15289992094039917,1,1
0.09748508781194687,1,1
0.1736193150281906,1,1
0.14968140423297882,1,1
0.15776361525058746,1,1
0.15901853144168854,1,1
0.17846105992794037,1,1
0.14860831201076508,1,1
0.13070741295814514,1,1
0.1559630185365677,1,1
0.19341415166854858,1,1
0.17420560121536255,1,1
0.13280025124549866,1,1
0.1582435518503189,1,1
0.17507636547088623,1,1
0.16270394623279572,1,1
0.16802506148815155,1,1
0.19786487519741058,1,1
0.12667638063430786,1,1
0.17468976974487305,1,1
0.15760929882526398,1,1
0.15643371641635895,1,1
0.1845153570175171,1,1
0.17831069231033325,1,1
0.14358794689178467,1,1
0.18638145923614502,1,1
0.15181827545166016,1,1
0.16821254789829254,1,1
0.1322818249464035,1,1
0.1676018089056015,1,1
0.12103033065795898,1,1
0.14698268473148346,1,1
0.12561318278312683,1,1
0.15092220902442932,1,1
0.14714926481246948,1,1
0.17116029560565948,1,1
0.09959769248962402,1,1
0.1731487363576889,1,1
0.14878033101558685,1,1
0.16889522969722748,1,1
0.16054649651050568,1,1
0.15663999319076538,1,1
0.18814367055892944,1,1
0.18850387632846832,1,1
0.16691461205482483,1,1
0.1120578870177269,1,1
0.1704472005367279,1,1
0.1549367606639862,1,1
0.18355847895145416,1,1
0.15525908768177032,1,1
0.14313143491744995,1,1
0.11010577529668808,1,1
0.16346915066242218,1,1
0.1461918205022812,1,1
0.16231216490268707,1,1
0.16974163055419922,1,1
0.1390017569065094,1,1
0.13641461730003357,1,1
0.17576049268245697,1,1
0.14771130681037903,1,1
0.16321039199829102,1,1
0.15661212801933289,1,1
0.13380278646945953,1,1
0.18625274300575256,1,1
0.18190766870975494,1,1
0.15612952411174774,1,1
0.15389695763587952,1,1
0.1506732553243637,1,1
0.17128117382526398,1,1
0.16089020669460297,1,1
0.13321755826473236,1,1
0.15599925816059113,1,1
0.1900935024023056,1,1
0.16840249300003052,1,1
0.18699191510677338,1,1
0.1513470560312271,1,1
0.16833150386810303,1,1
0.1456250250339508,1,1
0.16017621755599976,1,1
0.1494523584842682,1,1
0.15842457115650177,1,1
0.17100554704666138,1,1
0.17439402639865875,1,1
0.15508316457271576,1,1
0.1605871021747589,1,1
0.14014938473701477,1,1
0.14530663192272186,1,1
0.20815572142601013,1,1
0.17254887521266937,1,1
0.1479126214981079,1,1
0.13577745854854584,1,1
0.1602822244167328,1,1
0.12736254930496216,1,1
0.16803503036499023,1,1
0.1816004067659378,1,1
0.1397431194782257,1,1
0.143934428691864,1,1
0.2205820232629776,1,1
0.1587180644273758,1,1
0.13068757951259613,1,1
0.1340780258178711,1,1
0.15262682735919952,1,1
0.11337510496377945,1,1
0.15451166033744812,1,1
0.17266497015953064,1,1
0.17017163336277008,1,1
0.17105497419834137,1,1
0.1429109424352646,1,1
0.152350053191185,1,1
0.07167818397283554,1,1
0.17654705047607422,1,1
0.16921409964561462,1,1
0.16446919739246368,1,1
0.14874626696109772,1,1
0.18469582498073578,1,1
0.14542131125926971,1,1
0.14427082240581512,1,1
0.174990713596344,1,1
0.11941933631896973,1,1
0.18970181047916412,1,1
0.15462394058704376,1,1
0.13735857605934143,1,1
0.18226078152656555,1,1
0.1512949913740158,1,1
0.17399492859840393,1,1
0.1524563580751419,1,1
0.15826496481895447,1,1
0.1413383185863495,1,1
0.13737818598747253,1,1
0.12712347507476807,1,1
0.18481825292110443,1,1
0.16872943937778473,1,1
0.16612893342971802,1,1
0.1677180528640747,1,1
0.14554423093795776,1,1
0.1456918865442276,1,1
0.16033951938152313,1,1
0.16878536343574524,1,1
0.1778169870376587,1,1
0.14910978078842163,1,1
0.1580602377653122,1,1
0.04524432122707367,1,1
0.1769670844078064,1,1
0.17418791353702545,1,1
0.17036911845207214,1,1
0.1541244387626648,1,1
0.14286142587661743,1,1
0.14730656147003174,1,1
0.17490899562835693,1,1
0.16337931156158447,1,1
0.11154845356941223,1,1
0.17723383009433746,1,1
0.15165695548057556,1,1
0.19004693627357483,1,1
0.17193616926670074,1,1
0.1877206414937973,1,1
0.13843181729316711,1,1
0.1558590680360794,1,1
0.1330219954252243,1,1
0.18245474994182587,1,1
0.151948943734169,1,1
0.1677589863538742,1,1
0.18349295854568481,1,1
0.14170174300670624,1,1
0.14191599190235138,1,1
0.19493353366851807,1,1
0.15580260753631592,1,1
0.1584906429052353,1,1
0.17336511611938477,1,1
0.16527807712554932,1,1
0.15738628804683685,1,1
0.16297344863414764,1,1
0.1741095781326294,1,1
0.12642797827720642,1,1
0.1585301160812378,1,1
0.15919382870197296,1,1
0.16902683675289154,1,1
0.16134746372699738,1,1
0.16254986822605133,1,1
0.19431138038635254,1,1
0.1676838994026184,1,1
0.1031828373670578,1,1
0.18282188475131989,1,1
0.18226946890354156,1,1
0.15329834818840027,1,1
0.18352928757667542,1,1
0.18427814543247223,1,1
0.16560490429401398,1,1
0.15599291026592255,1,1
0.16946561634540558,1,1
0.16959822177886963,1,1
0.16932052373886108,1,1
0.15635819733142853,1,1
0.14915798604488373,1,1
0.18615883588790894,1,1
0.17302507162094116,1,1
0.16620084643363953,1,1
0.13976161181926727,1,1
0.1819668710231781,1,1
0.14808455109596252,1,1
0.17917461693286896,1,1
0.17037563025951385,1,1
0.16213591396808624,1,1
0.1456710696220398,1,1
0.17930889129638672,1,1
0.17113149166107178,1,1
0.23121708631515503,1,1
0.17529956996440887,1,1
0.18074041604995728,1,1
0.1531601846218109,1,1
0.1502164602279663,1,1
0.0953948125243187,1,1
0.11769656091928482,1,1
0.13329142332077026,1,1
0.13765981793403625,1,1
0.16215452551841736,1,1
0.16380448639392853,1,1
0.1652599573135376,1,1
0.13911066949367523,1,1
0.15932264924049377,1,1
0.16177557408809662,1,1
0.14277268946170807,1,1
0.13123394548892975,1,1
0.15904265642166138,1,1
0.16108249127864838,1,1
0.11083218455314636,1,1
0.16456975042819977,1,1
0.1716640293598175,1,1
0.17463116347789764,1,1
0.15714065730571747,1,1
0.14889825880527496,1,1
0.13186414539813995,1,1
0.16075770556926727,1,1
0.19207260012626648,1,1
0.1391226053237915,1,1
0.2064037024974823,1,1
0.15889567136764526,1,1
0.1627071052789688,1,1
0.12117460370063782,1,1
0.18303154408931732,1,1
0.1676677018404007,1,1
0.18536677956581116,1,1
0.16150380671024323,1,1
0.14111529290676117,1,1
0.12043818831443787,1,1
0.13605011999607086,1,1
0.1586061716079712,1,1
0.0777972862124443,1,1
0.11919999122619629,1,1
0.1836657077074051,1,1
0.15361781418323517,1,1
0.18533340096473694,1,1
0.12172270566225052,1,1
0.16387134790420532,1,1
0.16512513160705566,1,1
0.145303875207901,1,1
0.17358067631721497,1,1
0.14693833887577057,1,1
0.22792446613311768,1,1
0.1574692279100418,1,1
0.14072734117507935,1,1
0.17930613458156586,1,1
0.16049908101558685,1,1
0.17220954596996307,1,1
0.20290249586105347,1,1
0.20071454346179962,1,1
0.1563085913658142,1,1
0.1566902995109558,1,1
0.1518724113702774,1,1
0.17479319870471954,1,1
0.17598125338554382,1,1
0.1517593115568161,1,1
0.1332641839981079,1,1
0.18729005753993988,1,1
0.15551015734672546,1,1
0.17666472494602203,1,1
0.1458437442779541,1,1
0.19043734669685364,1,1
0.16894420981407166,1,1
0.14762647449970245,1,1
0.15853938460350037,1,1
0.18083980679512024,1,1
0.1308409571647644,1,1
0.1642041802406311,1,1
0.1607065498828888,1,1
0.13718260824680328,1,1
0.15887373685836792,1,1
0.19666779041290283,1,1
0.18152832984924316,1,1
0.13268126547336578,1,1
0.13965177536010742,1,1
0.15883363783359528,1,1
0.15308919548988342,1,1
0.18226750195026398,1,1
0.20174530148506165,1,1
0.16602051258087158,1,1
0.14486615359783173,1,1
0.18272098898887634,1,1
0.12891262769699097,1,1
0.15296322107315063,1,1
0.14060895144939423,1,1
0.16523787379264832,1,1
0.1426580548286438,1,1
0.13584981858730316,1,1
0.17508666217327118,1,1
0.16213491559028625,1,1
0.1999049335718155,1,1
0.16715578734874725,1,1
0.18991748988628387,1,1
0.16446863114833832,1,1
0.18519024550914764,1,1
0.0859590396285057,1,1
0.11086399108171463,1,1
0.09969539940357208,1,1
0.17117071151733398,1,1
0.14681939780712128,1,1
0.16754622757434845,1,1
0.17099551856517792,1,1
0.1475842297077179,1,1
0.1704743504524231,1,1
0.19109363853931427,1,1
0.1404637098312378,1,1
0.18905521929264069,1,1
0.15786074101924896,1,1
0.1287345588207245,1,1
0.14592760801315308,1,1
0.19565525650978088,1,1
0.14616958796977997,1,1
0.14605067670345306,1,1
0.1543193757534027,1,1
0.14199550449848175,1,1
0.17431174218654633,1,1
0.14887747168540955,1,1
0.12891675531864166,1,1
0.17338359355926514,1,1
0.1723768562078476,1,1
0.15551912784576416,1,1
0.16899852454662323,1,1
0.18245388567447662,1,1
0.13189473748207092,1,1
0.1595374196767807,1,1
0.1875937432050705,1,1
0.13882961869239807,1,1
0.16322390735149384,1,1
0.1630202680826187,1,1
0.16426986455917358,1,1
0.17072279751300812,1,1
0.17047284543514252,1,1
0.19303786754608154,1,1
0.17521987855434418,1,1
0.0805329829454422,1,1
0.15322525799274445,1,1
0.17469336092472076,1,1
0.10603416711091995,1,1
0.15657684206962585,1,1
0.16561707854270935,1,1
0.19137980043888092,1,1
0.15015047788619995,1,1
0.17967499792575836,1,1
0.2025078386068344,1,1
0.18095847964286804,1,1
0.17310816049575806,1,1
0.1795482337474823,1,1
0.1759781688451767,1,1
0.16691340506076813,1,1
0.158152237534523,1,1
0.16530072689056396,1,1
0.13125479221343994,1,1
0.13570663332939148,1,1
0.17971783876419067,1,1
0.1590486615896225,1,1
0.20302802324295044,1,1
0.15455086529254913,1,1
0.18969984352588654,1,1
0.16526338458061218,1,1
0.15276966989040375,1,1
0.1492529660463333,1,1
0.12907901406288147,1,1
0.15476611256599426,1,1
0.18958024680614471,1,1
0.1691208928823471,1,1
0.16783729195594788,1,1
0.21416808664798737,1,1
0.16549046337604523,1,1
0.158502995967865,1,1
0.1550159603357315,1,1
0.1416483223438263,1,1
0.16988641023635864,1,1
0.15843859314918518,1,1
0.18729807436466217,1,1
0.14391303062438965,1,1
0.16741232573986053,1,1
0.16101829707622528,1,1
0.1333407461643219,1,1
0.14690691232681274,1,1
0.14398658275604248,1,1
0.16392900049686432,1,1
0.1649848222732544,1,1
0.16050469875335693,1,1
0.1821918785572052,1,1
0.16039182245731354,1,1
0.16713976860046387,1,1
0.1612686812877655,1,1
0.14508073031902313,1,1
0.10819315910339355,1,1
0.17193052172660828,1,1
0.1503344029188156,1,1
0.15815576910972595,1,1
0.17418991029262543,1,1
0.14772386848926544,1,1
0.15662331879138947,1,1
0.1680728644132614,1,1
0.1422235667705536,1,1
0.1462046504020691,1,1
0.1631716936826706,1,1
0.16135701537132263,1,1
0.1641460359096527,1,1
0.10846605151891708,1,1
0.16732998192310333,1,1
0.1499139964580536,1,1
0.17988966405391693,1,1
0.16829189658164978,1,1
0.1590254157781601,1,1
0.14085876941680908,1,1
0.15601544082164764,1,1
0.16861100494861603,1,1
0.12555253505706787,1,1
0.1609436571598053,1,1
0.16077186167240143,1,1
0.16887636482715607,1,1
0.18760067224502563,1,1
0.19704607129096985,1,1
0.18339398503303528,1,1
0.1829703003168106,1,1
0.15902933478355408,1,1
0.16586706042289734,1,1
0.12800924479961395,1,1
0.14729566872119904,1,1
0.166782408952713,1,1
0.17955535650253296,1,1
0.17054973542690277,1,1
0.18433396518230438,1,1
0.17903076112270355,1,1
0.16629040241241455,1,1
0.17666949331760406,1,1
0.1508779525756836,1,1
0.16619005799293518,1,1
0.15599249303340912,1,1
0.13096341490745544,1,1
0.16086789965629578,1,1
0.16192807257175446,1,1
0.13417251408100128,1,1
0.174796462059021,1,1
0.15817785263061523,1,1
0.15111912786960602,1,1
0.15900538861751556,1,1
0.13205991685390472,1,1
0.16879764199256897,1,1
0.13804234564304352,1,1
0.17236584424972534,1,1
0.15901285409927368,1,1
0.11489967256784439,1,1
0.17943690717220306,1,1
0.1916707307100296,1,1
0.18530404567718506,1,1
0.13720004260540009,1,1
0.16592465341091156,1,1
0.17509672045707703,1,1
0.1707509309053421,1,1
0.13797563314437866,1,1
0.18524500727653503,1,1
0.13873420655727386,1,1
0.17504462599754333,1,1
0.15669578313827515,1,1
0.15599170327186584,1,1
0.15284523367881775,1,1
0.16161809861660004,1,1
0.1715962290763855,1,1
0.20343782007694244,1,1
0.1945507675409317,1,1
0.13135166466236115,1,1
0.13461430370807648,1,1
0.1392868608236313,1,1
0.17116065323352814,1,1
0.13039635121822357,1,1
0.16115032136440277,1,1
0.16746912896633148,1,1
0.17484058439731598,1,1
0.1966584473848343,1,1
0.1154300794005394,1,1
0.14637060463428497,1,1
0.17583130300045013,1,1
0.1861819624900818,1,1
0.1889273077249527,1,1
0.1848270148038864,1,1
0.15594744682312012,1,1
0.17199213802814484,1,1
0.19583988189697266,1,1
0.18647043406963348,1,1
0.15205557644367218,1,1
0.15772294998168945,1,1
0.16119718551635742,1,1
0.14415644109249115,1,1
0.16965942084789276,1,1
0.1712905764579773,1,1
0.15353120863437653,1,1
0.19152186810970306,1,1
0.15519188344478607,1,1
0.19515173137187958,1,1
0.1911168396472931,1,1
0.15246333181858063,1,1
0.143564373254776,1,1
0.13936004042625427,1,1
0.1874953806400299,1,1
0.16502569615840912,1,1
0.14984573423862457,1,1
0.1494186520576477,1,1
0.16883088648319244,1,1
0.15354622900485992,1,1
0.13452620804309845,1,1
0.15442654490470886,1,1
0.16553092002868652,1,1
0.15436813235282898,1,1
0.13622711598873138,1,1
0.10259178280830383,1,1
0.2161400467157364,1,1
0.16997306048870087,1,1
0.15221257507801056,1,1
0.1472526490688324,1,1
0.13567091524600983,1,1
0.15984944999217987,1,1
0.2091955989599228,1,1
0.14953108131885529,1,1
0.18881241977214813,1,1
0.16349133849143982,1,1
0.17665837705135345,1,1
0.17169545590877533,1,1
0.17849978804588318,1,1
0.18491049110889435,1,1
0.16982504725456238,1,1
0.12523141503334045,1,1
0.21358834207057953,1,1
0.17369088530540466,1,1
0.18104302883148193,1,1
0.14379674196243286,1,1
0.17291980981826782,1,1
0.1743660271167755,1,1
0.14803330600261688,1,1
0.15586645901203156,1,1
0.1258116364479065,1,1
0.12901026010513306,1,1
0.14070269465446472,1,1
0.17785592377185822,1,1
0.1841953545808792,1,1
0.14619119465351105,1,1
0.13401590287685394,1,1
0.13869422674179077,1,1
0.10645871609449387,1,1
0.228395476937294,1,1
0.16277605295181274,1,1
0.1859242022037506,1,1
0.19016189873218536,1,1
0.14706243574619293,1,1
0.18911540508270264,1,1
0.15012575685977936,1,1
0.17905037105083466,1,1
0.1312047839164734,1,1
0.13458281755447388,1,1
0.182806134223938,1,1
0.1668134331703186,1,1
0.1122572049498558,1,1
0.1715984344482422,1,1
0.14106884598731995,1,1
0.15672409534454346,1,1
0.157707080245018,1,1
0.19676217436790466,1,1
0.1607261449098587,1,1
0.17147885262966156,1,1
0.16903311014175415,1,1
0.17631985247135162,1,1
0.17208252847194672,1,1
0.13600961863994598,1,1
0.1377360075712204,1,1
0.12101811915636063,1,1
0.13281263411045074,1,1
0.16898243129253387,1,1
0.1796855330467224,1,1
0.16183438897132874,1,1
0.04510219767689705,1,1
0.1514967828989029,1,1
0.14612683653831482,1,1
0.18933738768100739,1,1
0.15207505226135254,1,1
0.15792690217494965,1,1
0.1581183820962906,1,1
0.14071352779865265,1,1
0.13016216456890106,1,1
0.1856769323348999,1,1
0.19053137302398682,1,1
0.144908607006073,1,1
0.19492481648921967,1,1
0.13047565519809723,1,1
0.1510179042816162,1,1
0.0826256051659584,1,1
0.2040799856185913,1,1
0.15964150428771973,1,1
0.1521351933479309,1,1
0.14197148382663727,1,1
0.17973476648330688,1,1
0.16043813526630402,1,1
0.1537875384092331,1,1
0.20812268555164337,1,1
0.1668284684419632,1,1
0.17951612174510956,1,1
0.18343694508075714,1,1
0.16094818711280823,1,1
0.16701872646808624,1,1
0.14958050847053528,1,1
0.1709858775138855,1,1
0.16813339293003082,1,1
0.1739262491464615,1,1
0.19457724690437317,1,1
0.13354067504405975,1,1
0.13135524094104767,1,1
0.13313046097755432,1,1
0.15717673301696777,1,1
0.16991081833839417,1,1
0.14118465781211853,1,1
0.15255235135555267,1,1
0.16871404647827148,1,1
0.14269715547561646,1,1
0.1702415496110916,1,1
0.1540527492761612,1,1
0.11350852251052856,1,1
0.13345244526863098,1,1
0.13377608358860016,1,1
0.1506422609090805,1,1
0.16363833844661713,1,1
0.18628551065921783,1,1
0.1774044781923294,1,1
0.13055185973644257,1,1
0.14983849227428436,1,1
0.18264874815940857,1,1
0.1522134244441986,1,1
0.18208047747612,1,1
0.163865327835083,1,1
0.13239821791648865,1,1
0.14383412897586823,1,1
0.1731816530227661,1,1
0.1440182775259018,1,1
0.17726990580558777,1,1
0.1913326382637024,1,1
0.14900873601436615,1,1
0.12405624240636826,1,1
0.17737868428230286,1,1
0.17686133086681366,1,1
0.16928189992904663,1,1
0.16648326814174652,1,1
0.15992353856563568,1,1
0.16614888608455658,1,1
0.16149897873401642,1,1
0.166436567902565,1,1
0.1707003265619278,1,1
0.169724702835083,1,1
0.14404961466789246,1,1
0.06960617005825043,1,1
0.15975037217140198,1,1
0.13787534832954407,1,1
0.15714238584041595,1,1
0.17298533022403717,1,1
0.1487472951412201,1,1
0.143134206533432,1,1
0.15636201202869415,1,1
0.16889852285385132,1,1
0.1475246697664261,1,1
0.20146334171295166,1,1
0.15858785808086395,1,1
0.16528892517089844,1,1
0.1559930145740509,1,1
0.17530286312103271,1,1
0.13252699375152588,1,1
0.1760353296995163,1,1
0.16635063290596008,1,1
0.16630695760250092,1,1
0.16060760617256165,1,1
0.174137145280838,1,1
0.15206438302993774,1,1
0.18408912420272827,1,1
0.18816247582435608,1,1
0.16895359754562378,1,1
0.17592434585094452,1,1
0.1554642915725708,1,1
0.18377672135829926,1,1
0.17909985780715942,1,1
0.1372472643852234,1,1
0.1620120406150818,1,1
0.19731588661670685,1,1
0.17413295805454254,1,1
0.17680542171001434,1,1
0.15786421298980713,1,1
0.19009293615818024,1,1
0.13133572041988373,1,1
0.14897757768630981,1,1
0.13702058792114258,1,1
0.1396719515323639,1,1
0.16919267177581787,1,1
0.13050535321235657,1,1
0.1955481320619583,1,1
0.15520675480365753,1,1
0.13302084803581238,1,1
0.14246028661727905,1,1
0.19754640758037567,1,1
0.1608012467622757,1,1
0.1358228325843811,1,1
0.13809388875961304,1,1
0.20265012979507446,1,1
0.16825489699840546,1,1
0.16281206905841827,1,1
0.17828269302845,1,1
0.14839117228984833,1,1
0.1609192043542862,1,1
0.15510022640228271,1,1
0.1837034970521927,1,1
0.1905032843351364,1,1
0.15476691722869873,1,1
0.17377439141273499,1,1
0.13754184544086456,1,1
0.1562461405992508,1,1
0.19361178576946259,1,1
0.17629773914813995,1,1
0.1471635401248932,1,1
0.15501359105110168,1,1
0.16239483654499054,1,1
0.16650380194187164,1,1
0.11628507822751999,1,1
0.17151419818401337,1,1
0.12595877051353455,1,1
0.14866897463798523,1,1
0.12769225239753723,1,1
0.14352892339229584,1,1
0.18908807635307312,1,1
0.14716096222400665,1,1
0.16033785045146942,1,1
0.14567092061042786,1,1
0.1295267790555954,1,1
0.1514652818441391,1,1
0.17346319556236267,1,1
0.15843668580055237,1,1
0.19454191625118256,1,1
0.19443441927433014,1,1
0.12389221787452698,1,1
0.15247350931167603,1,1
0.13610877096652985,1,1
0.15081921219825745,1,1
0.15423879027366638,1,1
0.15924537181854248,1,1
0.14229527115821838,1,1
0.0797545537352562,1,1
0.17983414232730865,1,1
0.16486865282058716,1,1
0.12365185469388962,1,1
0.14970983564853668,1,1
0.14847210049629211,1,1
0.19195960462093353,1,1
0.14892061054706573,1,1
0.13338303565979004,1,1
0.024999121204018593,1,1
0.1602860391139984,1,1
0.17083795368671417,1,1
0.16511932015419006,1,1
0.20867623388767242,1,1
0.16372965276241302,1,1
0.16057485342025757,1,1
0.14159776270389557,1,1
0.06954523921012878,1,1
0.11978735774755478,1,1
0.1537313163280487,1,1
0.1493414342403412,1,1
0.16414248943328857,1,1
0.16119970381259918,1,1
0.13978998363018036,1,1
0.14334562420845032,1,1
0.20119832456111908,1,1
0.15973778069019318,1,1
0.1639581173658371,1,1
0.1815849095582962,1,1
0.15938057005405426,1,1
0.1548755168914795,1,1
0.16900470852851868,1,1
0.1814413219690323,1,1
0.14776799082756042,1,1
0.18534241616725922,1,1
0.1743863970041275,1,1
0.17761653661727905,1,1
0.1833670735359192,1,1
0.16514384746551514,1,1
0.13959315419197083,1,1
0.17025429010391235,1,1
0.1658170372247696,1,1
0.16999351978302002,1,1
0.1516125649213791,1,1
0.12701138854026794,1,1
0.163509339094162,1,1
0.14101646840572357,1,1
0.15846247971057892,1,1
0.15290023386478424,1,1
0.1868015080690384,1,1
0.14006471633911133,1,1
0.14102688431739807,1,1
0.16267001628875732,1,1
0.16706272959709167,1,1
0.1584150642156601,1,1
0.17291444540023804,1,1
0.16396620869636536,1,1
0.17972677946090698,1,1
0.12025302648544312,1,1
0.12188957631587982,1,1
0.16476492583751678,1,1
0.09639985114336014,1,1
0.16454221308231354,1,1
0.1512034386396408,1,1
0.17438259720802307,1,1
0.17909002304077148,1,1
0.14001189172267914,1,1
0.16416826844215393,1,1
0.15842384099960327,1,1
0.18577103316783905,1,1
0.1423507034778595,1,1
0.1438336968421936,1,1
0.16851289570331573,1,1
0.1526058316230774,1,1
0.15744058787822723,1,1
